{ 
    "status":"success",
    "products" : [
        { "name": "Cheese", "price" : 2.50, "category": "Dairy", "location": "Refrigerated foods"},
        { "name": "Crisps", "price" : 3.00, "category": "Dairy", "location": "the Snack isle"},
        { "name": "Pizza", "price" : 4.00, "category": "Fast Food", "location": "Refrigerated foods"},
        { "name": "Chocolate", "price" : 1.50, "category":"Dairy", "location": "the Snack isle"},
        { "name": "Self-raising flour", "price" : 1.50, "category":"Grain", "location": "Home baking"},
        { "name": "Ground almonds", "price" : 3.00, "category":"Nuts","location": "Home baking"}
    ]
}